-- phpMyAdmin SQL Dump
-- version 4.8.5
-- https://www.phpmyadmin.net/
--
-- Host: 127.0.0.1
-- Generation Time: Jun 20, 2019 at 08:47 AM
-- Server version: 10.1.38-MariaDB
-- PHP Version: 7.3.3

SET SQL_MODE = "NO_AUTO_VALUE_ON_ZERO";
SET AUTOCOMMIT = 0;
START TRANSACTION;
SET time_zone = "+00:00";


/*!40101 SET @OLD_CHARACTER_SET_CLIENT=@@CHARACTER_SET_CLIENT */;
/*!40101 SET @OLD_CHARACTER_SET_RESULTS=@@CHARACTER_SET_RESULTS */;
/*!40101 SET @OLD_COLLATION_CONNECTION=@@COLLATION_CONNECTION */;
/*!40101 SET NAMES utf8mb4 */;

--
-- Database: `canteen`
--

-- --------------------------------------------------------

--
-- Table structure for table `categories`
--

CREATE TABLE `categories` (
  `id` bigint(20) UNSIGNED NOT NULL,
  `name` varchar(191) COLLATE utf8mb4_unicode_ci NOT NULL,
  `created_at` timestamp NULL DEFAULT NULL,
  `updated_at` timestamp NULL DEFAULT NULL
) ENGINE=InnoDB DEFAULT CHARSET=utf8mb4 COLLATE=utf8mb4_unicode_ci;

-- --------------------------------------------------------

--
-- Table structure for table `customers`
--

CREATE TABLE `customers` (
  `id` bigint(20) UNSIGNED NOT NULL,
  `name` varchar(191) COLLATE utf8mb4_unicode_ci NOT NULL,
  `email` varchar(191) COLLATE utf8mb4_unicode_ci NOT NULL,
  `email_verified_at` timestamp NULL DEFAULT NULL,
  `password` varchar(191) COLLATE utf8mb4_unicode_ci NOT NULL,
  `remember_token` varchar(100) COLLATE utf8mb4_unicode_ci DEFAULT NULL,
  `created_at` timestamp NULL DEFAULT NULL,
  `updated_at` timestamp NULL DEFAULT NULL
) ENGINE=InnoDB DEFAULT CHARSET=utf8mb4 COLLATE=utf8mb4_unicode_ci;

--
-- Dumping data for table `customers`
--

INSERT INTO `customers` (`id`, `name`, `email`, `email_verified_at`, `password`, `remember_token`, `created_at`, `updated_at`) VALUES
(1, 'n', 'n@n.com', NULL, '$2y$10$QRP8gYOVyHwkdZhUF7mViOYKaD/6C1.d3XdqJHa1NTBmdrWpoHcY6', '1PKDmua18fAarghc5G6rFEbPPzHz3e9C7uKTdyhIZKaB68DNorPLYVZHyLYx', NULL, NULL),
(2, 'dtzl', 'dtzl@example.com', NULL, '$2y$10$GizoDQGQeNO2g1e8.koIf.n/1miX5HRKDnBOGqBIM6cQ0ha2hX7eO', 'mje7IPW872ii20ejvxzNWteZ32c7g9bR60OG72TKbrJaveQqRtw1D36Jv6Xk', NULL, NULL),
(3, 'yoyo', 'yoyo@example.com', NULL, '$2y$10$xzCNUek8rdQYh8PXOK5hM.hwM65c1efYRvUUSnuK2MWJLaadtiSHK', 'ukW7XAl5v00No4yrYGdlP9N5vpSjgK4aVvOOyVyUNWSX4fPfR2br0QuvvZjD', NULL, NULL);

-- --------------------------------------------------------

--
-- Table structure for table `customer_password_resets`
--

CREATE TABLE `customer_password_resets` (
  `email` varchar(191) COLLATE utf8mb4_unicode_ci NOT NULL,
  `token` varchar(191) COLLATE utf8mb4_unicode_ci NOT NULL,
  `created_at` timestamp NULL DEFAULT NULL
) ENGINE=InnoDB DEFAULT CHARSET=utf8mb4 COLLATE=utf8mb4_unicode_ci;

-- --------------------------------------------------------

--
-- Table structure for table `foods`
--

CREATE TABLE `foods` (
  `id` bigint(20) UNSIGNED NOT NULL,
  `manager_id` bigint(20) NOT NULL,
  `category_id` bigint(20) NOT NULL,
  `name` varchar(191) COLLATE utf8mb4_unicode_ci DEFAULT NULL,
  `price` double NOT NULL,
  `title` varchar(191) COLLATE utf8mb4_unicode_ci NOT NULL,
  `cover_image` varchar(191) COLLATE utf8mb4_unicode_ci DEFAULT NULL,
  `desc` text COLLATE utf8mb4_unicode_ci NOT NULL,
  `featured` tinyint(1) NOT NULL DEFAULT '0',
  `created_at` timestamp NULL DEFAULT NULL,
  `updated_at` timestamp NULL DEFAULT NULL
) ENGINE=InnoDB DEFAULT CHARSET=utf8mb4 COLLATE=utf8mb4_unicode_ci;

--
-- Dumping data for table `foods`
--

INSERT INTO `foods` (`id`, `manager_id`, `category_id`, `name`, `price`, `title`, `cover_image`, `desc`, `featured`, `created_at`, `updated_at`) VALUES
(1, 1, 1, NULL, 10, 'Burger', 'burger.jpg', 'Fresh crispy bun , lettuce leaves , pickles , onion and a small patty flavored with mayonnaise and ketchup.', 0, '2019-05-16 06:37:32', NULL),
(2, 1, 1, NULL, 9, 'Chicken Chop', 'chicken_chop.jpg', 'Prepared with boneless chicken meat, it is usually prepared with minced meat and served with various accompaniments.', 1, '2019-05-16 06:37:32', NULL),
(3, 1, 1, NULL, 2, 'French Fries', 'fries.jpg', 'Hot, thick & crispy. More delicious than ever, our signature piping hot, thick cut French Fries are golden on the outside and fluffy on the inside', 1, '2019-05-16 06:37:32', NULL),
(4, 1, 2, NULL, 10, 'Hakka Mee', 'hakka_mee.jpg', 'Dry flat noodle added lightly with oil & soya sauce, served with minced-pork, meat ball, fried stuff and tofu.', 0, '2019-05-16 06:37:32', NULL),
(5, 1, 1, NULL, 11, 'Mashed Potato', 'mashed_potatoes.jpg', 'Made from real potatoes. It is chunky, hearty, buttery and perfect when paired with our savory brown gravy.', 1, '2019-05-16 06:37:32', NULL),
(6, 1, 2, NULL, 7, 'Nasi Lemak', 'nasi_lemak.jpg', 'Nasi lemak is a Malay fragrant rice dish cooked in coconut milk and pandan leaf.', 0, '2019-05-16 06:37:32', NULL),
(7, 1, 2, NULL, 10, 'Pan Mee', 'pan_mee.jpg', 'Delicious flat noodle freshly made and served with dried ikan bilis and chilli.', 1, '2019-05-16 06:37:32', NULL),
(8, 1, 2, NULL, 10, 'Roti Canai', 'roti_canai.jpg', 'A popular breakfast and snack dish, served with dal and other types of curry, with a variety of ingredients such as sardines, meat, egg or cheese.', 1, '2019-05-16 06:37:32', NULL),
(9, 1, 1, NULL, 10, 'Spaghetti Carbonara', 'spaghetti_carbonara.jpg', 'An Italian pasta dish from Rome made with egg, hard cheese, guanciale, and black pepper.', 1, '2019-05-16 06:37:32', NULL),
(10, 1, 1, NULL, 10, 'Spaghetti Meatballs', 'spaghetti_meatballs.jpg', 'An Italian-American dish consisting of spaghetti, tomato sauce and meatballs.', 0, '2019-05-16 06:37:32', NULL),
(11, 1, 1, NULL, 10, 'Steak', 'steak.jpg', 'Freshly grilled steak, tender and delicious, basted with butter giving it a rich flavour.', 0, '2019-05-16 06:37:32', NULL),
(12, 1, 2, NULL, 10, 'Wan Tan Mee', 'wan_tan_mee.jpg', 'Served with barbequed meat, pickled green chillies, and meat dumplings. ', 0, '2019-05-16 06:37:32', NULL);

-- --------------------------------------------------------

--
-- Table structure for table `managers`
--

CREATE TABLE `managers` (
  `id` bigint(20) UNSIGNED NOT NULL,
  `name` varchar(191) COLLATE utf8mb4_unicode_ci NOT NULL,
  `email` varchar(191) COLLATE utf8mb4_unicode_ci NOT NULL,
  `email_verified_at` timestamp NULL DEFAULT NULL,
  `password` varchar(191) COLLATE utf8mb4_unicode_ci NOT NULL,
  `remember_token` varchar(100) COLLATE utf8mb4_unicode_ci DEFAULT NULL,
  `created_at` timestamp NULL DEFAULT NULL,
  `updated_at` timestamp NULL DEFAULT NULL
) ENGINE=InnoDB DEFAULT CHARSET=utf8mb4 COLLATE=utf8mb4_unicode_ci;

--
-- Dumping data for table `managers`
--

INSERT INTO `managers` (`id`, `name`, `email`, `email_verified_at`, `password`, `remember_token`, `created_at`, `updated_at`) VALUES
(1, 'manager', 'manager@manager.com', NULL, '$2y$10$jxv6Koi4wXW1XWOIUcyz9O9kt3RVZA/S9c/rKJY6M3C9KohjP54a.', '2U1NIG1LX6m96e2j8ibvaiTY6ScNtwtrPqNRYNvLb7g1Kf6Q8569bKyyEebq', NULL, NULL);

-- --------------------------------------------------------

--
-- Table structure for table `manager_password_resets`
--

CREATE TABLE `manager_password_resets` (
  `email` varchar(191) COLLATE utf8mb4_unicode_ci NOT NULL,
  `token` varchar(191) COLLATE utf8mb4_unicode_ci NOT NULL,
  `created_at` timestamp NULL DEFAULT NULL
) ENGINE=InnoDB DEFAULT CHARSET=utf8mb4 COLLATE=utf8mb4_unicode_ci;

-- --------------------------------------------------------

--
-- Table structure for table `migrations`
--

CREATE TABLE `migrations` (
  `id` int(10) UNSIGNED NOT NULL,
  `migration` varchar(191) COLLATE utf8mb4_unicode_ci NOT NULL,
  `batch` int(11) NOT NULL
) ENGINE=InnoDB DEFAULT CHARSET=utf8mb4 COLLATE=utf8mb4_unicode_ci;

--
-- Dumping data for table `migrations`
--

INSERT INTO `migrations` (`id`, `migration`, `batch`) VALUES
(11, '2019_06_13_000000_create_categories_table', 1),
(12, '2019_06_13_000000_create_customer_password_resets_table', 1),
(13, '2019_06_13_000000_create_customers_table', 1),
(14, '2019_06_13_000000_create_foods_table', 1),
(15, '2019_06_13_000000_create_manager_password_resets_table', 1),
(16, '2019_06_13_000000_create_managers_table', 1),
(17, '2019_06_13_000000_create_orders_table', 1),
(18, '2019_06_13_000000_create_posts_table', 1),
(19, '2019_06_13_000000_create_staff_password_resets_table', 1),
(20, '2019_06_13_000000_create_staff_table', 1);

-- --------------------------------------------------------

--
-- Table structure for table `orders`
--

CREATE TABLE `orders` (
  `id` bigint(20) UNSIGNED NOT NULL,
  `customer_id` bigint(20) NOT NULL,
  `food_id` bigint(20) NOT NULL,
  `manager_id` bigint(20) NOT NULL,
  `billing_total` double NOT NULL,
  `status` varchar(191) COLLATE utf8mb4_unicode_ci NOT NULL DEFAULT 'preparing',
  `payment_gateway` varchar(191) COLLATE utf8mb4_unicode_ci NOT NULL DEFAULT 'cash',
  `paid` tinyint(1) NOT NULL DEFAULT '0',
  `created_at` timestamp NULL DEFAULT NULL,
  `updated_at` timestamp NULL DEFAULT NULL
) ENGINE=InnoDB DEFAULT CHARSET=utf8mb4 COLLATE=utf8mb4_unicode_ci;

--
-- Dumping data for table `orders`
--

INSERT INTO `orders` (`id`, `customer_id`, `food_id`, `manager_id`, `billing_total`, `status`, `payment_gateway`, `paid`, `created_at`, `updated_at`) VALUES
(1, 2, 1, 1, 7, 'ready', 'cash', 0, '2019-05-21 06:11:20', '2019-06-20 06:11:20'),
(2, 1, 5, 1, 7, 'collected', 'cash', 0, '2019-05-21 06:12:20', '2019-06-20 06:11:20'),
(3, 1, 1, 1, 8, 'cancelled', 'cash', 0, '2019-05-21 06:13:20', '2019-06-20 06:11:20'),
(4, 1, 5, 1, 10, 'ready', 'cash', 1, '2019-05-21 06:14:20', '2019-06-20 06:11:20'),
(5, 2, 11, 1, 11, 'ready', 'cash', 0, '2019-05-21 06:15:20', '2019-06-20 06:11:20'),
(6, 3, 5, 1, 7, 'ready', 'cash', 0, '2019-05-21 06:16:20', '2019-06-20 06:11:20'),
(7, 1, 3, 1, 7, 'collected', 'cash', 0, '2019-05-21 06:17:20', '2019-06-20 06:11:20'),
(8, 3, 6, 1, 10, 'collected', 'cash', 0, '2019-05-21 06:18:20', '2019-06-20 06:11:20'),
(9, 3, 5, 1, 12, 'ready', 'cash', 1, '2019-05-21 06:19:20', '2019-06-20 06:11:20'),
(10, 1, 1, 1, 8, 'preparing', 'cash', 0, '2019-05-21 06:20:20', '2019-06-20 06:11:20'),
(11, 2, 10, 1, 12, 'ready', 'cash', 0, '2019-05-21 06:21:20', '2019-06-20 06:11:20'),
(12, 2, 7, 1, 8, 'ready', 'cash', 1, '2019-05-21 06:22:20', '2019-06-20 06:11:20'),
(13, 1, 12, 1, 8, 'preparing', 'cash', 1, '2019-05-21 06:23:20', '2019-06-20 06:11:20'),
(14, 2, 7, 1, 11, 'cancelled', 'cash', 0, '2019-05-21 06:24:20', '2019-06-20 06:11:20'),
(15, 1, 11, 1, 10, 'preparing', 'cash', 0, '2019-05-21 06:25:20', '2019-06-20 06:11:20'),
(16, 2, 1, 1, 11, 'collected', 'cash', 1, '2019-05-21 06:26:20', '2019-06-20 06:11:20'),
(17, 3, 6, 1, 8, 'cancelled', 'cash', 1, '2019-05-21 06:27:20', '2019-06-20 06:11:20'),
(18, 2, 2, 1, 7, 'collected', 'cash', 0, '2019-05-21 06:28:20', '2019-06-20 06:11:20'),
(19, 2, 5, 1, 10, 'ready', 'cash', 0, '2019-05-21 06:29:20', '2019-06-20 06:11:20'),
(20, 1, 8, 1, 11, 'preparing', 'cash', 0, '2019-05-21 06:30:20', '2019-06-20 06:11:20'),
(21, 2, 6, 1, 7, 'collected', 'cash', 1, '2019-05-21 06:31:20', '2019-06-20 06:11:20'),
(22, 3, 4, 1, 7, 'cancelled', 'cash', 1, '2019-05-21 06:32:20', '2019-06-20 06:11:20'),
(23, 3, 11, 1, 7, 'collected', 'cash', 1, '2019-05-21 06:33:20', '2019-06-20 06:11:20'),
(24, 3, 12, 1, 9, 'ready', 'cash', 1, '2019-05-21 06:34:20', '2019-06-20 06:11:20'),
(25, 2, 3, 1, 12, 'preparing', 'cash', 1, '2019-05-22 06:11:20', '2019-06-20 06:11:20'),
(26, 3, 1, 1, 10, 'ready', 'cash', 0, '2019-05-22 06:12:20', '2019-06-20 06:11:20'),
(27, 2, 5, 1, 11, 'preparing', 'cash', 1, '2019-05-22 06:13:20', '2019-06-20 06:11:20'),
(28, 1, 1, 1, 8, 'cancelled', 'cash', 0, '2019-05-22 06:14:20', '2019-06-20 06:11:20'),
(29, 1, 12, 1, 10, 'preparing', 'cash', 0, '2019-05-22 06:15:20', '2019-06-20 06:11:20'),
(30, 1, 4, 1, 8, 'collected', 'cash', 1, '2019-05-22 06:16:20', '2019-06-20 06:11:20'),
(31, 3, 5, 1, 7, 'collected', 'cash', 1, '2019-05-22 06:17:20', '2019-06-20 06:11:20'),
(32, 1, 12, 1, 11, 'collected', 'cash', 0, '2019-05-22 06:18:20', '2019-06-20 06:11:20'),
(33, 3, 2, 1, 7, 'preparing', 'cash', 1, '2019-05-22 06:19:20', '2019-06-20 06:11:20'),
(34, 1, 11, 1, 9, 'ready', 'cash', 1, '2019-05-22 06:20:20', '2019-06-20 06:11:20'),
(35, 3, 11, 1, 9, 'cancelled', 'cash', 0, '2019-05-22 06:21:20', '2019-06-20 06:11:20'),
(36, 1, 6, 1, 9, 'ready', 'cash', 1, '2019-05-22 06:22:20', '2019-06-20 06:11:20'),
(37, 1, 11, 1, 11, 'ready', 'cash', 1, '2019-05-22 06:23:20', '2019-06-20 06:11:20'),
(38, 1, 2, 1, 9, 'collected', 'cash', 1, '2019-05-22 06:24:20', '2019-06-20 06:11:20'),
(39, 1, 9, 1, 8, 'preparing', 'cash', 0, '2019-05-22 06:25:20', '2019-06-20 06:11:20'),
(40, 1, 2, 1, 10, 'collected', 'cash', 0, '2019-05-22 06:26:20', '2019-06-20 06:11:20'),
(41, 2, 5, 1, 10, 'preparing', 'cash', 0, '2019-05-23 06:11:20', '2019-06-20 06:11:20'),
(42, 2, 5, 1, 7, 'preparing', 'cash', 0, '2019-05-23 06:12:20', '2019-06-20 06:11:20'),
(43, 2, 6, 1, 9, 'collected', 'cash', 1, '2019-05-23 06:13:20', '2019-06-20 06:11:20'),
(44, 2, 9, 1, 9, 'ready', 'cash', 1, '2019-05-23 06:14:20', '2019-06-20 06:11:20'),
(45, 1, 2, 1, 8, 'cancelled', 'cash', 1, '2019-05-23 06:15:20', '2019-06-20 06:11:20'),
(46, 3, 12, 1, 7, 'cancelled', 'cash', 1, '2019-05-23 06:16:20', '2019-06-20 06:11:20'),
(47, 1, 6, 1, 11, 'cancelled', 'cash', 0, '2019-05-23 06:17:20', '2019-06-20 06:11:20'),
(48, 2, 1, 1, 9, 'ready', 'cash', 0, '2019-05-23 06:18:20', '2019-06-20 06:11:20'),
(49, 3, 5, 1, 10, 'collected', 'cash', 1, '2019-05-23 06:19:20', '2019-06-20 06:11:20'),
(50, 3, 6, 1, 12, 'preparing', 'cash', 0, '2019-05-23 06:20:20', '2019-06-20 06:11:20'),
(51, 2, 5, 1, 11, 'preparing', 'cash', 1, '2019-05-23 06:21:20', '2019-06-20 06:11:20'),
(52, 1, 3, 1, 8, 'collected', 'cash', 0, '2019-05-23 06:22:20', '2019-06-20 06:11:20'),
(53, 2, 4, 1, 11, 'cancelled', 'cash', 0, '2019-05-23 06:23:20', '2019-06-20 06:11:20'),
(54, 3, 1, 1, 9, 'cancelled', 'cash', 1, '2019-05-23 06:24:20', '2019-06-20 06:11:20'),
(55, 1, 1, 1, 7, 'cancelled', 'cash', 0, '2019-05-23 06:25:20', '2019-06-20 06:11:20'),
(56, 1, 11, 1, 9, 'ready', 'cash', 1, '2019-05-23 06:26:20', '2019-06-20 06:11:20'),
(57, 3, 6, 1, 11, 'collected', 'cash', 1, '2019-05-23 06:27:20', '2019-06-20 06:11:20'),
(58, 2, 5, 1, 8, 'ready', 'cash', 1, '2019-05-23 06:28:20', '2019-06-20 06:11:20'),
(59, 3, 5, 1, 10, 'collected', 'cash', 1, '2019-05-24 06:11:20', '2019-06-20 06:11:20'),
(60, 2, 2, 1, 9, 'ready', 'cash', 1, '2019-05-24 06:12:20', '2019-06-20 06:11:20'),
(61, 3, 11, 1, 9, 'cancelled', 'cash', 1, '2019-05-24 06:13:20', '2019-06-20 06:11:20'),
(62, 1, 5, 1, 9, 'cancelled', 'cash', 0, '2019-05-24 06:14:20', '2019-06-20 06:11:20'),
(63, 2, 4, 1, 7, 'preparing', 'cash', 1, '2019-05-24 06:15:20', '2019-06-20 06:11:20'),
(64, 3, 3, 1, 10, 'preparing', 'cash', 1, '2019-05-24 06:16:20', '2019-06-20 06:11:20'),
(65, 3, 12, 1, 9, 'preparing', 'cash', 1, '2019-05-24 06:17:20', '2019-06-20 06:11:20'),
(66, 1, 10, 1, 12, 'cancelled', 'cash', 0, '2019-05-24 06:18:20', '2019-06-20 06:11:20'),
(67, 3, 5, 1, 12, 'collected', 'cash', 0, '2019-05-24 06:19:20', '2019-06-20 06:11:20'),
(68, 1, 6, 1, 7, 'cancelled', 'cash', 1, '2019-05-24 06:20:20', '2019-06-20 06:11:20'),
(69, 3, 3, 1, 12, 'collected', 'cash', 1, '2019-05-24 06:21:20', '2019-06-20 06:11:20'),
(70, 1, 8, 1, 9, 'collected', 'cash', 1, '2019-05-24 06:22:20', '2019-06-20 06:11:20'),
(71, 1, 3, 1, 7, 'preparing', 'cash', 1, '2019-05-24 06:23:20', '2019-06-20 06:11:20'),
(72, 2, 2, 1, 11, 'cancelled', 'cash', 1, '2019-05-24 06:24:20', '2019-06-20 06:11:20'),
(73, 2, 10, 1, 8, 'cancelled', 'cash', 0, '2019-05-24 06:25:20', '2019-06-20 06:11:20'),
(74, 1, 4, 1, 10, 'collected', 'cash', 0, '2019-05-24 06:26:20', '2019-06-20 06:11:20'),
(75, 1, 1, 1, 7, 'ready', 'cash', 1, '2019-05-24 06:27:20', '2019-06-20 06:11:20'),
(76, 1, 10, 1, 11, 'preparing', 'cash', 1, '2019-05-24 06:28:20', '2019-06-20 06:11:20'),
(77, 2, 1, 1, 11, 'collected', 'cash', 1, '2019-05-24 06:29:20', '2019-06-20 06:11:20'),
(78, 2, 11, 1, 9, 'preparing', 'cash', 1, '2019-05-24 06:30:20', '2019-06-20 06:11:20'),
(79, 1, 11, 1, 8, 'cancelled', 'cash', 0, '2019-05-24 06:31:20', '2019-06-20 06:11:20'),
(80, 3, 12, 1, 10, 'collected', 'cash', 0, '2019-05-25 06:11:20', '2019-06-20 06:11:20'),
(81, 1, 10, 1, 11, 'ready', 'cash', 0, '2019-05-25 06:12:20', '2019-06-20 06:11:20'),
(82, 2, 10, 1, 7, 'ready', 'cash', 1, '2019-05-25 06:13:20', '2019-06-20 06:11:20'),
(83, 2, 5, 1, 10, 'preparing', 'cash', 0, '2019-05-26 06:11:20', '2019-06-20 06:11:20'),
(84, 1, 5, 1, 10, 'preparing', 'cash', 0, '2019-05-26 06:12:20', '2019-06-20 06:11:20'),
(85, 1, 2, 1, 12, 'ready', 'cash', 1, '2019-05-26 06:13:20', '2019-06-20 06:11:20'),
(86, 3, 3, 1, 9, 'cancelled', 'cash', 0, '2019-05-26 06:14:20', '2019-06-20 06:11:20'),
(87, 3, 4, 1, 8, 'cancelled', 'cash', 0, '2019-05-26 06:15:20', '2019-06-20 06:11:20'),
(88, 1, 9, 1, 12, 'ready', 'cash', 1, '2019-05-26 06:16:20', '2019-06-20 06:11:20'),
(89, 2, 9, 1, 8, 'ready', 'cash', 1, '2019-05-26 06:17:20', '2019-06-20 06:11:20'),
(90, 3, 8, 1, 11, 'cancelled', 'cash', 1, '2019-05-26 06:18:20', '2019-06-20 06:11:20'),
(91, 1, 10, 1, 10, 'collected', 'cash', 0, '2019-05-26 06:19:20', '2019-06-20 06:11:20'),
(92, 2, 10, 1, 12, 'cancelled', 'cash', 0, '2019-05-26 06:20:20', '2019-06-20 06:11:20'),
(93, 3, 1, 1, 11, 'cancelled', 'cash', 1, '2019-05-26 06:21:20', '2019-06-20 06:11:20'),
(94, 2, 3, 1, 12, 'cancelled', 'cash', 1, '2019-05-26 06:22:20', '2019-06-20 06:11:20'),
(95, 2, 8, 1, 8, 'cancelled', 'cash', 1, '2019-05-26 06:23:20', '2019-06-20 06:11:20'),
(96, 3, 6, 1, 11, 'collected', 'cash', 0, '2019-05-26 06:24:20', '2019-06-20 06:11:20'),
(97, 1, 2, 1, 8, 'cancelled', 'cash', 1, '2019-05-26 06:25:20', '2019-06-20 06:11:20'),
(98, 2, 12, 1, 7, 'cancelled', 'cash', 0, '2019-05-26 06:26:20', '2019-06-20 06:11:20'),
(99, 2, 11, 1, 8, 'cancelled', 'cash', 0, '2019-05-26 06:27:20', '2019-06-20 06:11:20'),
(100, 3, 11, 1, 10, 'cancelled', 'cash', 1, '2019-05-26 06:28:20', '2019-06-20 06:11:20'),
(101, 2, 11, 1, 7, 'preparing', 'cash', 0, '2019-05-26 06:29:20', '2019-06-20 06:11:20'),
(102, 1, 9, 1, 10, 'ready', 'cash', 0, '2019-05-26 06:30:20', '2019-06-20 06:11:20'),
(103, 1, 6, 1, 12, 'ready', 'cash', 0, '2019-05-26 06:31:20', '2019-06-20 06:11:20'),
(104, 1, 10, 1, 12, 'preparing', 'cash', 0, '2019-05-26 06:32:20', '2019-06-20 06:11:20'),
(105, 3, 12, 1, 7, 'preparing', 'cash', 1, '2019-05-26 06:33:20', '2019-06-20 06:11:20'),
(106, 1, 3, 1, 11, 'ready', 'cash', 0, '2019-05-26 06:34:20', '2019-06-20 06:11:20'),
(107, 2, 11, 1, 9, 'cancelled', 'cash', 0, '2019-05-26 06:35:20', '2019-06-20 06:11:20'),
(108, 2, 12, 1, 11, 'cancelled', 'cash', 1, '2019-05-26 06:36:20', '2019-06-20 06:11:20'),
(109, 2, 12, 1, 11, 'cancelled', 'cash', 1, '2019-05-26 06:37:20', '2019-06-20 06:11:20'),
(110, 3, 9, 1, 9, 'collected', 'cash', 1, '2019-05-26 06:38:20', '2019-06-20 06:11:20'),
(111, 2, 8, 1, 9, 'preparing', 'cash', 0, '2019-05-27 06:11:20', '2019-06-20 06:11:20'),
(112, 2, 11, 1, 10, 'ready', 'cash', 0, '2019-05-27 06:12:20', '2019-06-20 06:11:20'),
(113, 2, 9, 1, 12, 'cancelled', 'cash', 0, '2019-05-27 06:13:20', '2019-06-20 06:11:20'),
(114, 3, 12, 1, 7, 'collected', 'cash', 1, '2019-05-27 06:14:20', '2019-06-20 06:11:20'),
(115, 1, 12, 1, 9, 'collected', 'cash', 0, '2019-05-27 06:15:20', '2019-06-20 06:11:20'),
(116, 1, 8, 1, 12, 'cancelled', 'cash', 0, '2019-05-27 06:16:20', '2019-06-20 06:11:20'),
(117, 3, 8, 1, 7, 'ready', 'cash', 1, '2019-05-27 06:17:20', '2019-06-20 06:11:20'),
(118, 2, 1, 1, 12, 'ready', 'cash', 1, '2019-05-27 06:18:20', '2019-06-20 06:11:20'),
(119, 2, 10, 1, 10, 'preparing', 'cash', 0, '2019-05-27 06:19:20', '2019-06-20 06:11:20'),
(120, 2, 2, 1, 8, 'ready', 'cash', 0, '2019-05-27 06:20:20', '2019-06-20 06:11:20'),
(121, 3, 2, 1, 8, 'ready', 'cash', 1, '2019-05-27 06:21:20', '2019-06-20 06:11:20'),
(122, 3, 11, 1, 11, 'cancelled', 'cash', 1, '2019-05-27 06:22:20', '2019-06-20 06:11:20'),
(123, 2, 12, 1, 7, 'preparing', 'cash', 1, '2019-05-27 06:23:20', '2019-06-20 06:11:20'),
(124, 3, 7, 1, 12, 'preparing', 'cash', 0, '2019-05-27 06:24:20', '2019-06-20 06:11:20'),
(125, 3, 10, 1, 10, 'cancelled', 'cash', 0, '2019-05-27 06:25:20', '2019-06-20 06:11:20'),
(126, 3, 10, 1, 7, 'collected', 'cash', 0, '2019-05-27 06:26:20', '2019-06-20 06:11:20'),
(127, 2, 1, 1, 7, 'collected', 'cash', 0, '2019-05-27 06:27:20', '2019-06-20 06:11:20'),
(128, 2, 11, 1, 7, 'ready', 'cash', 1, '2019-05-27 06:28:20', '2019-06-20 06:11:20'),
(129, 3, 4, 1, 9, 'cancelled', 'cash', 0, '2019-05-27 06:29:20', '2019-06-20 06:11:20'),
(130, 1, 10, 1, 10, 'cancelled', 'cash', 1, '2019-05-27 06:30:20', '2019-06-20 06:11:20'),
(131, 1, 6, 1, 12, 'ready', 'cash', 1, '2019-05-27 06:31:20', '2019-06-20 06:11:20'),
(132, 1, 8, 1, 12, 'cancelled', 'cash', 1, '2019-05-27 06:32:20', '2019-06-20 06:11:20'),
(133, 2, 12, 1, 12, 'preparing', 'cash', 1, '2019-05-27 06:33:20', '2019-06-20 06:11:20'),
(134, 2, 8, 1, 12, 'cancelled', 'cash', 1, '2019-05-27 06:34:20', '2019-06-20 06:11:20'),
(135, 2, 1, 1, 9, 'ready', 'cash', 0, '2019-05-27 06:35:20', '2019-06-20 06:11:20'),
(136, 1, 9, 1, 9, 'cancelled', 'cash', 1, '2019-05-28 06:11:20', '2019-06-20 06:11:20'),
(137, 2, 6, 1, 8, 'preparing', 'cash', 0, '2019-05-28 06:12:20', '2019-06-20 06:11:20'),
(138, 2, 9, 1, 10, 'cancelled', 'cash', 1, '2019-05-28 06:13:20', '2019-06-20 06:11:20'),
(139, 3, 3, 1, 11, 'collected', 'cash', 1, '2019-05-28 06:14:20', '2019-06-20 06:11:20'),
(140, 2, 11, 1, 10, 'preparing', 'cash', 1, '2019-05-28 06:15:20', '2019-06-20 06:11:20'),
(141, 3, 4, 1, 11, 'cancelled', 'cash', 0, '2019-05-28 06:16:20', '2019-06-20 06:11:20'),
(142, 3, 5, 1, 7, 'collected', 'cash', 0, '2019-05-28 06:17:20', '2019-06-20 06:11:20'),
(143, 1, 8, 1, 8, 'ready', 'cash', 1, '2019-05-28 06:18:20', '2019-06-20 06:11:20'),
(144, 1, 11, 1, 7, 'preparing', 'cash', 1, '2019-05-28 06:19:20', '2019-06-20 06:11:20'),
(145, 3, 11, 1, 10, 'preparing', 'cash', 1, '2019-05-28 06:20:20', '2019-06-20 06:11:20'),
(146, 1, 3, 1, 10, 'ready', 'cash', 1, '2019-05-28 06:21:20', '2019-06-20 06:11:20'),
(147, 1, 3, 1, 11, 'ready', 'cash', 1, '2019-05-28 06:22:20', '2019-06-20 06:11:20'),
(148, 3, 3, 1, 12, 'cancelled', 'cash', 0, '2019-05-28 06:23:20', '2019-06-20 06:11:20'),
(149, 2, 8, 1, 9, 'cancelled', 'cash', 0, '2019-05-28 06:24:20', '2019-06-20 06:11:20'),
(150, 2, 4, 1, 12, 'cancelled', 'cash', 1, '2019-05-28 06:25:20', '2019-06-20 06:11:20'),
(151, 1, 6, 1, 12, 'collected', 'cash', 1, '2019-05-28 06:26:20', '2019-06-20 06:11:20'),
(152, 3, 5, 1, 12, 'preparing', 'cash', 1, '2019-05-28 06:27:20', '2019-06-20 06:11:20'),
(153, 1, 5, 1, 9, 'ready', 'cash', 0, '2019-05-28 06:28:20', '2019-06-20 06:11:20'),
(154, 1, 7, 1, 8, 'ready', 'cash', 0, '2019-05-29 06:11:20', '2019-06-20 06:11:20'),
(155, 1, 9, 1, 12, 'cancelled', 'cash', 1, '2019-05-29 06:12:20', '2019-06-20 06:11:20'),
(156, 1, 3, 1, 7, 'collected', 'cash', 1, '2019-05-29 06:13:20', '2019-06-20 06:11:20'),
(157, 2, 9, 1, 10, 'collected', 'cash', 0, '2019-05-29 06:14:20', '2019-06-20 06:11:20'),
(158, 3, 5, 1, 7, 'cancelled', 'cash', 0, '2019-05-29 06:15:20', '2019-06-20 06:11:20'),
(159, 3, 8, 1, 12, 'cancelled', 'cash', 1, '2019-05-29 06:16:20', '2019-06-20 06:11:20'),
(160, 1, 9, 1, 7, 'preparing', 'cash', 0, '2019-05-29 06:17:20', '2019-06-20 06:11:20'),
(161, 2, 10, 1, 9, 'ready', 'cash', 1, '2019-05-29 06:18:20', '2019-06-20 06:11:20'),
(162, 1, 9, 1, 11, 'ready', 'cash', 0, '2019-05-29 06:19:20', '2019-06-20 06:11:20'),
(163, 3, 3, 1, 7, 'collected', 'cash', 1, '2019-05-29 06:20:20', '2019-06-20 06:11:20'),
(164, 2, 10, 1, 10, 'ready', 'cash', 1, '2019-05-29 06:21:20', '2019-06-20 06:11:20'),
(165, 3, 12, 1, 12, 'ready', 'cash', 0, '2019-05-29 06:22:20', '2019-06-20 06:11:20'),
(166, 2, 5, 1, 8, 'collected', 'cash', 0, '2019-05-29 06:23:20', '2019-06-20 06:11:20'),
(167, 1, 9, 1, 8, 'ready', 'cash', 0, '2019-05-29 06:24:20', '2019-06-20 06:11:20'),
(168, 3, 8, 1, 12, 'ready', 'cash', 1, '2019-05-29 06:25:20', '2019-06-20 06:11:20'),
(169, 2, 2, 1, 10, 'cancelled', 'cash', 0, '2019-05-29 06:26:20', '2019-06-20 06:11:20'),
(170, 1, 5, 1, 8, 'preparing', 'cash', 1, '2019-05-30 06:11:20', '2019-06-20 06:11:20'),
(171, 3, 11, 1, 9, 'collected', 'cash', 1, '2019-05-30 06:12:20', '2019-06-20 06:11:20'),
(172, 1, 9, 1, 11, 'cancelled', 'cash', 0, '2019-05-30 06:13:20', '2019-06-20 06:11:20'),
(173, 2, 7, 1, 8, 'ready', 'cash', 1, '2019-05-30 06:14:20', '2019-06-20 06:11:20'),
(174, 1, 11, 1, 8, 'ready', 'cash', 0, '2019-05-30 06:15:20', '2019-06-20 06:11:20'),
(175, 1, 10, 1, 8, 'ready', 'cash', 1, '2019-05-30 06:16:20', '2019-06-20 06:11:20'),
(176, 2, 7, 1, 11, 'cancelled', 'cash', 1, '2019-05-30 06:17:20', '2019-06-20 06:11:20'),
(177, 3, 5, 1, 9, 'preparing', 'cash', 1, '2019-05-30 06:18:20', '2019-06-20 06:11:20'),
(178, 1, 1, 1, 11, 'cancelled', 'cash', 1, '2019-05-30 06:19:20', '2019-06-20 06:11:20'),
(179, 2, 11, 1, 9, 'ready', 'cash', 1, '2019-05-30 06:20:20', '2019-06-20 06:11:20'),
(180, 1, 8, 1, 7, 'cancelled', 'cash', 0, '2019-05-30 06:21:20', '2019-06-20 06:11:20'),
(181, 1, 8, 1, 10, 'preparing', 'cash', 0, '2019-05-30 06:22:20', '2019-06-20 06:11:20'),
(182, 3, 10, 1, 8, 'ready', 'cash', 1, '2019-05-30 06:23:20', '2019-06-20 06:11:20'),
(183, 1, 9, 1, 9, 'collected', 'cash', 0, '2019-05-30 06:24:20', '2019-06-20 06:11:20'),
(184, 3, 3, 1, 7, 'ready', 'cash', 1, '2019-05-30 06:25:20', '2019-06-20 06:11:20'),
(185, 3, 5, 1, 10, 'preparing', 'cash', 1, '2019-05-30 06:26:20', '2019-06-20 06:11:20'),
(186, 3, 5, 1, 12, 'cancelled', 'cash', 0, '2019-05-30 06:27:20', '2019-06-20 06:11:20'),
(187, 1, 7, 1, 11, 'preparing', 'cash', 0, '2019-05-30 06:28:20', '2019-06-20 06:11:20'),
(188, 3, 4, 1, 11, 'cancelled', 'cash', 0, '2019-05-30 06:29:20', '2019-06-20 06:11:20'),
(189, 2, 12, 1, 12, 'collected', 'cash', 0, '2019-05-30 06:30:20', '2019-06-20 06:11:20'),
(190, 2, 11, 1, 9, 'preparing', 'cash', 0, '2019-05-30 06:31:20', '2019-06-20 06:11:20'),
(191, 1, 9, 1, 9, 'ready', 'cash', 1, '2019-05-30 06:32:20', '2019-06-20 06:11:21'),
(192, 3, 1, 1, 8, 'preparing', 'cash', 0, '2019-05-30 06:33:20', '2019-06-20 06:11:21'),
(193, 1, 11, 1, 9, 'preparing', 'cash', 1, '2019-05-30 06:34:20', '2019-06-20 06:11:21'),
(194, 1, 9, 1, 9, 'cancelled', 'cash', 0, '2019-05-30 06:35:20', '2019-06-20 06:11:21'),
(195, 3, 10, 1, 9, 'cancelled', 'cash', 1, '2019-05-30 06:36:20', '2019-06-20 06:11:21'),
(196, 3, 3, 1, 12, 'cancelled', 'cash', 1, '2019-05-30 06:37:20', '2019-06-20 06:11:21'),
(197, 1, 2, 1, 9, 'cancelled', 'cash', 1, '2019-05-31 06:11:21', '2019-06-20 06:11:21'),
(198, 3, 12, 1, 7, 'ready', 'cash', 1, '2019-05-31 06:12:21', '2019-06-20 06:11:21'),
(199, 3, 6, 1, 9, 'collected', 'cash', 0, '2019-05-31 06:13:21', '2019-06-20 06:11:21'),
(200, 3, 10, 1, 9, 'cancelled', 'cash', 1, '2019-05-31 06:14:21', '2019-06-20 06:11:21'),
(201, 1, 2, 1, 10, 'ready', 'cash', 0, '2019-05-31 06:15:21', '2019-06-20 06:11:21'),
(202, 2, 1, 1, 12, 'preparing', 'cash', 1, '2019-05-31 06:16:21', '2019-06-20 06:11:21'),
(203, 2, 10, 1, 11, 'preparing', 'cash', 1, '2019-05-31 06:17:21', '2019-06-20 06:11:21'),
(204, 3, 7, 1, 8, 'preparing', 'cash', 0, '2019-05-31 06:18:21', '2019-06-20 06:11:21'),
(205, 1, 5, 1, 7, 'preparing', 'cash', 1, '2019-05-31 06:19:21', '2019-06-20 06:11:21'),
(206, 1, 9, 1, 12, 'cancelled', 'cash', 1, '2019-05-31 06:20:21', '2019-06-20 06:11:21'),
(207, 2, 5, 1, 10, 'cancelled', 'cash', 0, '2019-05-31 06:21:21', '2019-06-20 06:11:21'),
(208, 3, 4, 1, 11, 'cancelled', 'cash', 1, '2019-05-31 06:22:21', '2019-06-20 06:11:21'),
(209, 2, 11, 1, 9, 'preparing', 'cash', 0, '2019-05-31 06:23:21', '2019-06-20 06:11:21'),
(210, 3, 4, 1, 8, 'cancelled', 'cash', 1, '2019-05-31 06:24:21', '2019-06-20 06:11:21'),
(211, 3, 10, 1, 11, 'preparing', 'cash', 0, '2019-05-31 06:25:21', '2019-06-20 06:11:21'),
(212, 2, 1, 1, 7, 'preparing', 'cash', 0, '2019-05-31 06:26:21', '2019-06-20 06:11:21'),
(213, 1, 5, 1, 10, 'ready', 'cash', 0, '2019-05-31 06:27:21', '2019-06-20 06:11:21'),
(214, 1, 12, 1, 9, 'collected', 'cash', 1, '2019-05-31 06:28:21', '2019-06-20 06:11:21'),
(215, 3, 9, 1, 8, 'cancelled', 'cash', 0, '2019-05-31 06:29:21', '2019-06-20 06:11:21'),
(216, 1, 4, 1, 10, 'cancelled', 'cash', 1, '2019-05-31 06:30:21', '2019-06-20 06:11:21'),
(217, 3, 8, 1, 7, 'ready', 'cash', 0, '2019-05-31 06:31:21', '2019-06-20 06:11:21'),
(218, 1, 11, 1, 11, 'ready', 'cash', 0, '2019-05-31 06:32:21', '2019-06-20 06:11:21'),
(219, 3, 6, 1, 12, 'collected', 'cash', 1, '2019-05-31 06:33:21', '2019-06-20 06:11:21'),
(220, 1, 5, 1, 11, 'collected', 'cash', 0, '2019-05-31 06:34:21', '2019-06-20 06:11:21'),
(221, 2, 7, 1, 12, 'cancelled', 'cash', 1, '2019-06-01 06:11:21', '2019-06-20 06:11:21'),
(222, 2, 6, 1, 12, 'preparing', 'cash', 1, '2019-06-01 06:12:21', '2019-06-20 06:11:21'),
(223, 1, 12, 1, 11, 'collected', 'cash', 1, '2019-06-01 06:13:21', '2019-06-20 06:11:21'),
(224, 2, 6, 1, 11, 'ready', 'cash', 1, '2019-06-01 06:14:21', '2019-06-20 06:11:21'),
(225, 2, 10, 1, 8, 'cancelled', 'cash', 1, '2019-06-01 06:15:21', '2019-06-20 06:11:21'),
(226, 3, 5, 1, 12, 'collected', 'cash', 0, '2019-06-01 06:16:21', '2019-06-20 06:11:21'),
(227, 1, 10, 1, 11, 'collected', 'cash', 1, '2019-06-02 06:11:21', '2019-06-20 06:11:21'),
(228, 3, 5, 1, 12, 'ready', 'cash', 0, '2019-06-02 06:12:21', '2019-06-20 06:11:21'),
(229, 2, 1, 1, 8, 'cancelled', 'cash', 1, '2019-06-02 06:13:21', '2019-06-20 06:11:21'),
(230, 1, 2, 1, 12, 'preparing', 'cash', 0, '2019-06-03 06:11:21', '2019-06-20 06:11:21'),
(231, 3, 1, 1, 11, 'preparing', 'cash', 0, '2019-06-03 06:12:21', '2019-06-20 06:11:21'),
(232, 3, 11, 1, 7, 'ready', 'cash', 0, '2019-06-03 06:13:21', '2019-06-20 06:11:21'),
(233, 1, 12, 1, 10, 'preparing', 'cash', 0, '2019-06-03 06:14:21', '2019-06-20 06:11:21'),
(234, 1, 1, 1, 7, 'cancelled', 'cash', 0, '2019-06-03 06:15:21', '2019-06-20 06:11:21'),
(235, 2, 8, 1, 8, 'preparing', 'cash', 0, '2019-06-03 06:16:21', '2019-06-20 06:11:21'),
(236, 2, 3, 1, 8, 'cancelled', 'cash', 1, '2019-06-03 06:17:21', '2019-06-20 06:11:21'),
(237, 2, 4, 1, 11, 'ready', 'cash', 1, '2019-06-03 06:18:21', '2019-06-20 06:11:21'),
(238, 1, 3, 1, 9, 'preparing', 'cash', 0, '2019-06-03 06:19:21', '2019-06-20 06:11:21'),
(239, 2, 11, 1, 7, 'preparing', 'cash', 0, '2019-06-03 06:20:21', '2019-06-20 06:11:21'),
(240, 1, 8, 1, 9, 'cancelled', 'cash', 1, '2019-06-03 06:21:21', '2019-06-20 06:11:21'),
(241, 3, 2, 1, 7, 'collected', 'cash', 1, '2019-06-03 06:22:21', '2019-06-20 06:11:21'),
(242, 1, 8, 1, 8, 'preparing', 'cash', 0, '2019-06-03 06:23:21', '2019-06-20 06:11:21'),
(243, 2, 8, 1, 7, 'collected', 'cash', 1, '2019-06-03 06:24:21', '2019-06-20 06:11:21'),
(244, 2, 8, 1, 12, 'preparing', 'cash', 1, '2019-06-04 06:11:21', '2019-06-20 06:11:21'),
(245, 3, 12, 1, 11, 'ready', 'cash', 1, '2019-06-04 06:12:21', '2019-06-20 06:11:21'),
(246, 1, 7, 1, 11, 'preparing', 'cash', 0, '2019-06-04 06:13:21', '2019-06-20 06:11:21'),
(247, 2, 3, 1, 12, 'cancelled', 'cash', 1, '2019-06-04 06:14:21', '2019-06-20 06:11:21'),
(248, 2, 11, 1, 12, 'ready', 'cash', 0, '2019-06-04 06:15:21', '2019-06-20 06:11:21'),
(249, 2, 6, 1, 10, 'collected', 'cash', 1, '2019-06-04 06:16:21', '2019-06-20 06:11:21'),
(250, 2, 5, 1, 12, 'cancelled', 'cash', 0, '2019-06-04 06:17:21', '2019-06-20 06:11:21'),
(251, 3, 2, 1, 10, 'collected', 'cash', 1, '2019-06-04 06:18:21', '2019-06-20 06:11:21'),
(252, 3, 1, 1, 10, 'preparing', 'cash', 0, '2019-06-04 06:19:21', '2019-06-20 06:11:21'),
(253, 3, 11, 1, 11, 'ready', 'cash', 1, '2019-06-05 06:11:21', '2019-06-20 06:11:21'),
(254, 3, 2, 1, 8, 'preparing', 'cash', 1, '2019-06-05 06:12:21', '2019-06-20 06:11:21'),
(255, 1, 9, 1, 12, 'preparing', 'cash', 0, '2019-06-05 06:13:21', '2019-06-20 06:11:21'),
(256, 2, 1, 1, 7, 'collected', 'cash', 0, '2019-06-05 06:14:21', '2019-06-20 06:11:21'),
(257, 2, 4, 1, 12, 'preparing', 'cash', 1, '2019-06-05 06:15:21', '2019-06-20 06:11:21'),
(258, 1, 3, 1, 7, 'preparing', 'cash', 1, '2019-06-05 06:16:21', '2019-06-20 06:11:21'),
(259, 3, 9, 1, 8, 'ready', 'cash', 0, '2019-06-05 06:17:21', '2019-06-20 06:11:21'),
(260, 2, 9, 1, 10, 'collected', 'cash', 1, '2019-06-05 06:18:21', '2019-06-20 06:11:21'),
(261, 2, 6, 1, 8, 'preparing', 'cash', 1, '2019-06-05 06:19:21', '2019-06-20 06:11:21'),
(262, 2, 3, 1, 9, 'collected', 'cash', 0, '2019-06-05 06:20:21', '2019-06-20 06:11:21'),
(263, 1, 10, 1, 10, 'collected', 'cash', 1, '2019-06-05 06:21:21', '2019-06-20 06:11:21'),
(264, 2, 11, 1, 12, 'cancelled', 'cash', 1, '2019-06-05 06:22:21', '2019-06-20 06:11:21'),
(265, 3, 6, 1, 11, 'collected', 'cash', 1, '2019-06-05 06:23:21', '2019-06-20 06:11:21'),
(266, 3, 1, 1, 12, 'cancelled', 'cash', 0, '2019-06-06 06:11:21', '2019-06-20 06:11:21'),
(267, 3, 11, 1, 12, 'cancelled', 'cash', 0, '2019-06-06 06:12:21', '2019-06-20 06:11:21'),
(268, 3, 6, 1, 11, 'preparing', 'cash', 1, '2019-06-06 06:13:21', '2019-06-20 06:11:21'),
(269, 2, 3, 1, 12, 'collected', 'cash', 1, '2019-06-06 06:14:21', '2019-06-20 06:11:21'),
(270, 1, 9, 1, 10, 'collected', 'cash', 1, '2019-06-06 06:15:21', '2019-06-20 06:11:21'),
(271, 1, 10, 1, 9, 'collected', 'cash', 1, '2019-06-06 06:16:21', '2019-06-20 06:11:21'),
(272, 3, 2, 1, 10, 'cancelled', 'cash', 0, '2019-06-06 06:17:21', '2019-06-20 06:11:21'),
(273, 2, 6, 1, 10, 'preparing', 'cash', 0, '2019-06-06 06:18:21', '2019-06-20 06:11:21'),
(274, 1, 9, 1, 7, 'ready', 'cash', 0, '2019-06-07 06:11:21', '2019-06-20 06:11:21'),
(275, 2, 10, 1, 12, 'collected', 'cash', 1, '2019-06-07 06:12:21', '2019-06-20 06:11:21'),
(276, 1, 6, 1, 10, 'ready', 'cash', 0, '2019-06-07 06:13:21', '2019-06-20 06:11:21'),
(277, 3, 9, 1, 12, 'collected', 'cash', 1, '2019-06-07 06:14:21', '2019-06-20 06:11:21'),
(278, 3, 6, 1, 8, 'cancelled', 'cash', 1, '2019-06-07 06:15:21', '2019-06-20 06:11:21'),
(279, 2, 5, 1, 7, 'ready', 'cash', 0, '2019-06-07 06:16:21', '2019-06-20 06:11:21'),
(280, 2, 11, 1, 12, 'ready', 'cash', 1, '2019-06-07 06:17:21', '2019-06-20 06:11:21'),
(281, 1, 12, 1, 11, 'collected', 'cash', 1, '2019-06-07 06:18:21', '2019-06-20 06:11:21'),
(282, 1, 11, 1, 12, 'cancelled', 'cash', 0, '2019-06-07 06:19:21', '2019-06-20 06:11:21'),
(283, 3, 10, 1, 12, 'preparing', 'cash', 1, '2019-06-07 06:20:21', '2019-06-20 06:11:21'),
(284, 3, 2, 1, 10, 'ready', 'cash', 1, '2019-06-07 06:21:21', '2019-06-20 06:11:21'),
(285, 3, 1, 1, 11, 'collected', 'cash', 0, '2019-06-07 06:22:21', '2019-06-20 06:11:21'),
(286, 2, 5, 1, 7, 'preparing', 'cash', 1, '2019-06-07 06:23:21', '2019-06-20 06:11:21'),
(287, 1, 1, 1, 10, 'cancelled', 'cash', 0, '2019-06-07 06:24:21', '2019-06-20 06:11:21'),
(288, 2, 4, 1, 12, 'ready', 'cash', 0, '2019-06-07 06:25:21', '2019-06-20 06:11:21'),
(289, 2, 6, 1, 7, 'collected', 'cash', 0, '2019-06-07 06:26:21', '2019-06-20 06:11:21'),
(290, 3, 1, 1, 9, 'collected', 'cash', 1, '2019-06-07 06:27:21', '2019-06-20 06:11:21'),
(291, 2, 7, 1, 9, 'cancelled', 'cash', 1, '2019-06-07 06:28:21', '2019-06-20 06:11:21'),
(292, 1, 11, 1, 9, 'ready', 'cash', 1, '2019-06-07 06:29:21', '2019-06-20 06:11:21'),
(293, 2, 11, 1, 12, 'preparing', 'cash', 0, '2019-06-08 06:11:21', '2019-06-20 06:11:21'),
(294, 1, 2, 1, 10, 'collected', 'cash', 1, '2019-06-08 06:12:21', '2019-06-20 06:11:21'),
(295, 2, 4, 1, 7, 'ready', 'cash', 1, '2019-06-08 06:13:21', '2019-06-20 06:11:21'),
(296, 1, 9, 1, 11, 'preparing', 'cash', 0, '2019-06-08 06:14:21', '2019-06-20 06:11:21'),
(297, 1, 7, 1, 8, 'cancelled', 'cash', 0, '2019-06-08 06:15:21', '2019-06-20 06:11:21'),
(298, 3, 1, 1, 8, 'ready', 'cash', 1, '2019-06-08 06:16:21', '2019-06-20 06:11:21'),
(299, 2, 3, 1, 9, 'collected', 'cash', 1, '2019-06-08 06:17:21', '2019-06-20 06:11:21'),
(300, 2, 8, 1, 12, 'preparing', 'cash', 1, '2019-06-08 06:18:21', '2019-06-20 06:11:21'),
(301, 3, 9, 1, 10, 'ready', 'cash', 0, '2019-06-08 06:19:21', '2019-06-20 06:11:21'),
(302, 1, 11, 1, 9, 'cancelled', 'cash', 0, '2019-06-09 06:11:21', '2019-06-20 06:11:21'),
(303, 1, 12, 1, 10, 'collected', 'cash', 0, '2019-06-09 06:12:21', '2019-06-20 06:11:21'),
(304, 2, 6, 1, 9, 'ready', 'cash', 0, '2019-06-09 06:13:21', '2019-06-20 06:11:21'),
(305, 1, 2, 1, 10, 'ready', 'cash', 1, '2019-06-10 06:11:21', '2019-06-20 06:11:21'),
(306, 1, 12, 1, 10, 'ready', 'cash', 0, '2019-06-10 06:12:21', '2019-06-20 06:11:21'),
(307, 2, 2, 1, 9, 'ready', 'cash', 1, '2019-06-10 06:13:21', '2019-06-20 06:11:21'),
(308, 2, 9, 1, 11, 'ready', 'cash', 0, '2019-06-10 06:14:21', '2019-06-20 06:11:21'),
(309, 3, 12, 1, 12, 'collected', 'cash', 0, '2019-06-10 06:15:21', '2019-06-20 06:11:21'),
(310, 2, 5, 1, 12, 'ready', 'cash', 1, '2019-06-10 06:16:21', '2019-06-20 06:11:21'),
(311, 2, 12, 1, 7, 'cancelled', 'cash', 0, '2019-06-10 06:17:21', '2019-06-20 06:11:21'),
(312, 1, 2, 1, 12, 'cancelled', 'cash', 1, '2019-06-11 06:11:21', '2019-06-20 06:11:21'),
(313, 2, 8, 1, 7, 'ready', 'cash', 0, '2019-06-11 06:12:21', '2019-06-20 06:11:21'),
(314, 1, 3, 1, 9, 'collected', 'cash', 0, '2019-06-11 06:13:21', '2019-06-20 06:11:21'),
(315, 2, 3, 1, 10, 'collected', 'cash', 1, '2019-06-11 06:14:21', '2019-06-20 06:11:21'),
(316, 1, 2, 1, 12, 'cancelled', 'cash', 0, '2019-06-11 06:15:21', '2019-06-20 06:11:21'),
(317, 1, 11, 1, 11, 'cancelled', 'cash', 1, '2019-06-11 06:16:21', '2019-06-20 06:11:21'),
(318, 3, 12, 1, 11, 'collected', 'cash', 0, '2019-06-11 06:17:21', '2019-06-20 06:11:21'),
(319, 3, 3, 1, 8, 'preparing', 'cash', 1, '2019-06-11 06:18:21', '2019-06-20 06:11:21'),
(320, 3, 4, 1, 11, 'ready', 'cash', 1, '2019-06-11 06:19:21', '2019-06-20 06:11:21'),
(321, 2, 4, 1, 12, 'collected', 'cash', 1, '2019-06-11 06:20:21', '2019-06-20 06:11:21'),
(322, 2, 12, 1, 11, 'cancelled', 'cash', 0, '2019-06-11 06:21:21', '2019-06-20 06:11:21'),
(323, 3, 1, 1, 9, 'ready', 'cash', 0, '2019-06-11 06:22:21', '2019-06-20 06:11:21'),
(324, 3, 8, 1, 10, 'preparing', 'cash', 1, '2019-06-11 06:23:21', '2019-06-20 06:11:21'),
(325, 1, 8, 1, 11, 'ready', 'cash', 0, '2019-06-11 06:24:21', '2019-06-20 06:11:21'),
(326, 2, 5, 1, 12, 'cancelled', 'cash', 0, '2019-06-11 06:25:21', '2019-06-20 06:11:21'),
(327, 2, 12, 1, 7, 'collected', 'cash', 0, '2019-06-11 06:26:21', '2019-06-20 06:11:21'),
(328, 3, 7, 1, 11, 'ready', 'cash', 0, '2019-06-11 06:27:21', '2019-06-20 06:11:21'),
(329, 1, 4, 1, 8, 'preparing', 'cash', 0, '2019-06-11 06:28:21', '2019-06-20 06:11:21'),
(330, 3, 3, 1, 9, 'cancelled', 'cash', 1, '2019-06-11 06:29:21', '2019-06-20 06:11:21'),
(331, 1, 11, 1, 12, 'collected', 'cash', 1, '2019-06-11 06:30:21', '2019-06-20 06:11:21'),
(332, 1, 1, 1, 7, 'cancelled', 'cash', 1, '2019-06-11 06:31:21', '2019-06-20 06:11:21'),
(333, 3, 10, 1, 7, 'preparing', 'cash', 0, '2019-06-11 06:32:21', '2019-06-20 06:11:21'),
(334, 2, 5, 1, 11, 'cancelled', 'cash', 0, '2019-06-11 06:33:21', '2019-06-20 06:11:21'),
(335, 2, 6, 1, 12, 'collected', 'cash', 0, '2019-06-11 06:34:21', '2019-06-20 06:11:21'),
(336, 3, 5, 1, 12, 'preparing', 'cash', 0, '2019-06-11 06:35:21', '2019-06-20 06:11:21'),
(337, 3, 5, 1, 12, 'ready', 'cash', 1, '2019-06-11 06:36:21', '2019-06-20 06:11:21'),
(338, 1, 3, 1, 10, 'cancelled', 'cash', 1, '2019-06-11 06:37:21', '2019-06-20 06:11:21'),
(339, 2, 2, 1, 8, 'collected', 'cash', 0, '2019-06-11 06:38:21', '2019-06-20 06:11:21'),
(340, 1, 6, 1, 9, 'collected', 'cash', 0, '2019-06-12 06:11:21', '2019-06-20 06:11:21'),
(341, 2, 2, 1, 10, 'cancelled', 'cash', 1, '2019-06-12 06:12:21', '2019-06-20 06:11:21'),
(342, 2, 8, 1, 11, 'cancelled', 'cash', 1, '2019-06-12 06:13:21', '2019-06-20 06:11:21'),
(343, 1, 9, 1, 12, 'ready', 'cash', 0, '2019-06-12 06:14:21', '2019-06-20 06:11:21'),
(344, 1, 3, 1, 7, 'collected', 'cash', 1, '2019-06-13 06:11:21', '2019-06-20 06:11:21'),
(345, 1, 2, 1, 10, 'collected', 'cash', 1, '2019-06-13 06:12:21', '2019-06-20 06:11:21'),
(346, 3, 2, 1, 11, 'cancelled', 'cash', 1, '2019-06-13 06:13:21', '2019-06-20 06:11:21'),
(347, 1, 1, 1, 10, 'preparing', 'cash', 1, '2019-06-13 06:14:21', '2019-06-20 06:11:21'),
(348, 2, 5, 1, 7, 'ready', 'cash', 0, '2019-06-13 06:15:21', '2019-06-20 06:11:21'),
(349, 1, 7, 1, 7, 'ready', 'cash', 0, '2019-06-13 06:16:21', '2019-06-20 06:11:21'),
(350, 1, 3, 1, 12, 'ready', 'cash', 0, '2019-06-13 06:17:21', '2019-06-20 06:11:21'),
(351, 3, 1, 1, 11, 'ready', 'cash', 0, '2019-06-14 06:11:21', '2019-06-20 06:11:21'),
(352, 3, 2, 1, 11, 'ready', 'cash', 1, '2019-06-14 06:12:21', '2019-06-20 06:11:21'),
(353, 2, 1, 1, 8, 'preparing', 'cash', 1, '2019-06-14 06:13:21', '2019-06-20 06:11:21'),
(354, 2, 7, 1, 7, 'cancelled', 'cash', 1, '2019-06-14 06:14:21', '2019-06-20 06:11:21'),
(355, 2, 1, 1, 11, 'ready', 'cash', 0, '2019-06-14 06:15:21', '2019-06-20 06:11:21'),
(356, 1, 12, 1, 12, 'ready', 'cash', 1, '2019-06-14 06:16:21', '2019-06-20 06:11:21'),
(357, 1, 3, 1, 11, 'collected', 'cash', 0, '2019-06-14 06:17:21', '2019-06-20 06:11:21'),
(358, 2, 10, 1, 8, 'cancelled', 'cash', 0, '2019-06-14 06:18:21', '2019-06-20 06:11:21'),
(359, 2, 11, 1, 11, 'ready', 'cash', 1, '2019-06-14 06:19:21', '2019-06-20 06:11:21'),
(360, 3, 7, 1, 12, 'preparing', 'cash', 0, '2019-06-14 06:20:21', '2019-06-20 06:11:21'),
(361, 1, 5, 1, 12, 'cancelled', 'cash', 0, '2019-06-14 06:21:21', '2019-06-20 06:11:21'),
(362, 1, 6, 1, 10, 'ready', 'cash', 0, '2019-06-15 06:11:21', '2019-06-20 06:11:21'),
(363, 1, 11, 1, 12, 'collected', 'cash', 1, '2019-06-15 06:12:21', '2019-06-20 06:11:21'),
(364, 1, 3, 1, 9, 'cancelled', 'cash', 0, '2019-06-15 06:13:21', '2019-06-20 06:11:21'),
(365, 3, 9, 1, 11, 'collected', 'cash', 0, '2019-06-15 06:14:21', '2019-06-20 06:11:21'),
(366, 2, 9, 1, 12, 'ready', 'cash', 1, '2019-06-15 06:15:21', '2019-06-20 06:11:21'),
(367, 3, 8, 1, 10, 'ready', 'cash', 1, '2019-06-15 06:16:21', '2019-06-20 06:11:21'),
(368, 2, 11, 1, 9, 'cancelled', 'cash', 1, '2019-06-16 06:11:21', '2019-06-20 06:11:21'),
(369, 1, 2, 1, 9, 'cancelled', 'cash', 0, '2019-06-16 06:12:21', '2019-06-20 06:11:21'),
(370, 1, 10, 1, 10, 'collected', 'cash', 0, '2019-06-16 06:13:21', '2019-06-20 06:11:21'),
(371, 1, 2, 1, 9, 'collected', 'cash', 1, '2019-06-16 06:14:21', '2019-06-20 06:11:21'),
(372, 2, 7, 1, 9, 'preparing', 'cash', 0, '2019-06-16 06:15:21', '2019-06-20 06:11:21'),
(373, 3, 3, 1, 10, 'collected', 'cash', 1, '2019-06-16 06:16:21', '2019-06-20 06:11:21'),
(374, 2, 8, 1, 8, 'preparing', 'cash', 0, '2019-06-16 06:17:21', '2019-06-20 06:11:21'),
(375, 3, 5, 1, 12, 'preparing', 'cash', 0, '2019-06-16 06:18:21', '2019-06-20 06:11:21'),
(376, 1, 8, 1, 8, 'collected', 'cash', 0, '2019-06-16 06:19:21', '2019-06-20 06:11:21'),
(377, 1, 10, 1, 7, 'cancelled', 'cash', 1, '2019-06-16 06:20:21', '2019-06-20 06:11:21'),
(378, 3, 6, 1, 10, 'preparing', 'cash', 1, '2019-06-16 06:21:21', '2019-06-20 06:11:21'),
(379, 2, 8, 1, 12, 'preparing', 'cash', 0, '2019-06-16 06:22:21', '2019-06-20 06:11:21'),
(380, 2, 7, 1, 9, 'cancelled', 'cash', 1, '2019-06-16 06:23:21', '2019-06-20 06:11:21'),
(381, 3, 6, 1, 7, 'preparing', 'cash', 1, '2019-06-16 06:24:21', '2019-06-20 06:11:21'),
(382, 2, 3, 1, 12, 'collected', 'cash', 1, '2019-06-16 06:25:21', '2019-06-20 06:11:21'),
(383, 1, 3, 1, 8, 'collected', 'cash', 1, '2019-06-17 06:11:21', '2019-06-20 06:11:21'),
(384, 2, 8, 1, 9, 'cancelled', 'cash', 1, '2019-06-17 06:12:21', '2019-06-20 06:11:21'),
(385, 2, 8, 1, 10, 'collected', 'cash', 0, '2019-06-17 06:13:21', '2019-06-20 06:11:21'),
(386, 2, 2, 1, 8, 'preparing', 'cash', 0, '2019-06-17 06:14:21', '2019-06-20 06:11:21'),
(387, 2, 6, 1, 9, 'collected', 'cash', 1, '2019-06-17 06:15:21', '2019-06-20 06:11:21'),
(388, 1, 1, 1, 10, 'cancelled', 'cash', 1, '2019-06-17 06:16:21', '2019-06-20 06:11:21'),
(389, 2, 1, 1, 12, 'cancelled', 'cash', 0, '2019-06-17 06:17:21', '2019-06-20 06:11:21'),
(390, 2, 6, 1, 9, 'cancelled', 'cash', 1, '2019-06-18 06:11:21', '2019-06-20 06:11:21'),
(391, 3, 2, 1, 11, 'collected', 'cash', 0, '2019-06-18 06:12:21', '2019-06-20 06:11:21'),
(392, 1, 12, 1, 10, 'ready', 'cash', 1, '2019-06-18 06:13:21', '2019-06-20 06:11:21'),
(393, 3, 8, 1, 12, 'collected', 'cash', 1, '2019-06-18 06:14:21', '2019-06-20 06:11:21'),
(394, 3, 10, 1, 9, 'collected', 'cash', 1, '2019-06-18 06:15:21', '2019-06-20 06:11:21'),
(395, 1, 7, 1, 8, 'cancelled', 'cash', 0, '2019-06-18 06:16:21', '2019-06-20 06:11:21'),
(396, 1, 4, 1, 11, 'cancelled', 'cash', 1, '2019-06-18 06:17:21', '2019-06-20 06:11:21'),
(397, 2, 5, 1, 7, 'preparing', 'cash', 1, '2019-06-18 06:18:21', '2019-06-20 06:11:21'),
(398, 3, 2, 1, 8, 'collected', 'cash', 1, '2019-06-18 06:19:21', '2019-06-20 06:11:21'),
(399, 3, 8, 1, 11, 'cancelled', 'cash', 0, '2019-06-18 06:20:21', '2019-06-20 06:11:21'),
(400, 2, 10, 1, 9, 'preparing', 'cash', 1, '2019-06-18 06:21:21', '2019-06-20 06:11:21'),
(401, 3, 2, 1, 10, 'collected', 'cash', 0, '2019-06-18 06:22:21', '2019-06-20 06:11:21'),
(402, 3, 8, 1, 7, 'collected', 'cash', 0, '2019-06-18 06:23:21', '2019-06-20 06:11:21'),
(403, 1, 8, 1, 10, 'preparing', 'cash', 0, '2019-06-18 06:24:21', '2019-06-20 06:11:21'),
(404, 3, 10, 1, 8, 'collected', 'cash', 1, '2019-06-18 06:25:21', '2019-06-20 06:11:21'),
(405, 1, 6, 1, 12, 'ready', 'cash', 0, '2019-06-19 06:11:21', '2019-06-20 06:11:21'),
(406, 3, 4, 1, 7, 'cancelled', 'cash', 1, '2019-06-19 06:12:21', '2019-06-20 06:11:21'),
(407, 3, 11, 1, 8, 'ready', 'cash', 1, '2019-06-19 06:13:21', '2019-06-20 06:11:21'),
(408, 2, 9, 1, 10, 'preparing', 'cash', 0, '2019-06-19 06:14:21', '2019-06-20 06:11:21'),
(409, 2, 3, 1, 7, 'ready', 'cash', 0, '2019-06-19 06:15:21', '2019-06-20 06:11:21'),
(410, 3, 10, 1, 11, 'collected', 'cash', 0, '2019-06-19 06:16:21', '2019-06-20 06:11:21'),
(411, 2, 5, 1, 9, 'preparing', 'cash', 0, '2019-06-19 06:17:21', '2019-06-20 06:11:21'),
(412, 2, 7, 1, 12, 'ready', 'cash', 0, '2019-06-19 06:18:21', '2019-06-20 06:11:21'),
(413, 3, 7, 1, 7, 'collected', 'cash', 0, '2019-06-19 06:19:21', '2019-06-20 06:11:21'),
(414, 2, 11, 1, 12, 'preparing', 'cash', 1, '2019-06-19 06:20:21', '2019-06-20 06:11:21'),
(415, 3, 4, 1, 11, 'cancelled', 'cash', 1, '2019-06-19 06:21:21', '2019-06-20 06:11:21'),
(416, 3, 3, 1, 12, 'ready', 'cash', 0, '2019-06-19 06:22:21', '2019-06-20 06:11:21');

-- --------------------------------------------------------

--
-- Table structure for table `posts`
--

CREATE TABLE `posts` (
  `id` bigint(20) UNSIGNED NOT NULL,
  `manager_id` bigint(20) NOT NULL,
  `title` varchar(191) COLLATE utf8mb4_unicode_ci NOT NULL,
  `body` text COLLATE utf8mb4_unicode_ci NOT NULL,
  `cover_image` varchar(191) COLLATE utf8mb4_unicode_ci DEFAULT NULL,
  `desc` text COLLATE utf8mb4_unicode_ci,
  `created_at` timestamp NULL DEFAULT NULL,
  `updated_at` timestamp NULL DEFAULT NULL
) ENGINE=InnoDB DEFAULT CHARSET=utf8mb4 COLLATE=utf8mb4_unicode_ci;

--
-- Dumping data for table `posts`
--

INSERT INTO `posts` (`id`, `manager_id`, `title`, `body`, `cover_image`, `desc`, `created_at`, `updated_at`) VALUES
(1, 1, 'New launch of the Canteen Ordering System', 'Today we are glad to announce the launch of the Canteen Ordering System. It is now fully operational and customers can start using the system to order their food without queing at the store.', 'fries.jpg', NULL, '2019-05-10 04:32:22', NULL),
(2, 1, 'Scheduled Maintenance this Sunday', 'We are planning a scheduled maintenance this Sunday, we apologize for any inconvenience caused.', 'maintenance.jpg', NULL, '2019-05-10 04:32:23', NULL),
(3, 1, 'Limited time promotion for selected menu items', 'In conjunction with so-and-so festival, we want to take this opportunity to give our customers some discounts for some of our menu items.', 'steak.jpg', NULL, '2019-05-10 04:32:24', NULL);

-- --------------------------------------------------------

--
-- Table structure for table `staff`
--

CREATE TABLE `staff` (
  `id` bigint(20) UNSIGNED NOT NULL,
  `name` varchar(191) COLLATE utf8mb4_unicode_ci NOT NULL,
  `email` varchar(191) COLLATE utf8mb4_unicode_ci NOT NULL,
  `email_verified_at` timestamp NULL DEFAULT NULL,
  `password` varchar(191) COLLATE utf8mb4_unicode_ci NOT NULL,
  `remember_token` varchar(100) COLLATE utf8mb4_unicode_ci DEFAULT NULL,
  `created_at` timestamp NULL DEFAULT NULL,
  `updated_at` timestamp NULL DEFAULT NULL
) ENGINE=InnoDB DEFAULT CHARSET=utf8mb4 COLLATE=utf8mb4_unicode_ci;

--
-- Dumping data for table `staff`
--

INSERT INTO `staff` (`id`, `name`, `email`, `email_verified_at`, `password`, `remember_token`, `created_at`, `updated_at`) VALUES
(1, 'staff', 'staff@staff.com', NULL, '$2y$10$CFTZc1QJVl50ws8UzRmIgeuQe/NYoXoagUiqVTCskiHfR25mLYHTa', 'X1MsaAbUa7jNjVv6B3teRKYzJjn53teKdtXJJT5T96kzM8FSUf4mMJ19qt49', NULL, NULL);

-- --------------------------------------------------------

--
-- Table structure for table `staff_password_resets`
--

CREATE TABLE `staff_password_resets` (
  `email` varchar(191) COLLATE utf8mb4_unicode_ci NOT NULL,
  `token` varchar(191) COLLATE utf8mb4_unicode_ci NOT NULL,
  `created_at` timestamp NULL DEFAULT NULL
) ENGINE=InnoDB DEFAULT CHARSET=utf8mb4 COLLATE=utf8mb4_unicode_ci;

--
-- Indexes for dumped tables
--

--
-- Indexes for table `categories`
--
ALTER TABLE `categories`
  ADD PRIMARY KEY (`id`);

--
-- Indexes for table `customers`
--
ALTER TABLE `customers`
  ADD PRIMARY KEY (`id`),
  ADD UNIQUE KEY `customers_email_unique` (`email`);

--
-- Indexes for table `customer_password_resets`
--
ALTER TABLE `customer_password_resets`
  ADD KEY `customer_password_resets_email_index` (`email`);

--
-- Indexes for table `foods`
--
ALTER TABLE `foods`
  ADD PRIMARY KEY (`id`),
  ADD UNIQUE KEY `foods_name_unique` (`name`);

--
-- Indexes for table `managers`
--
ALTER TABLE `managers`
  ADD PRIMARY KEY (`id`),
  ADD UNIQUE KEY `managers_email_unique` (`email`);

--
-- Indexes for table `manager_password_resets`
--
ALTER TABLE `manager_password_resets`
  ADD KEY `manager_password_resets_email_index` (`email`);

--
-- Indexes for table `migrations`
--
ALTER TABLE `migrations`
  ADD PRIMARY KEY (`id`);

--
-- Indexes for table `orders`
--
ALTER TABLE `orders`
  ADD PRIMARY KEY (`id`);

--
-- Indexes for table `posts`
--
ALTER TABLE `posts`
  ADD PRIMARY KEY (`id`);

--
-- Indexes for table `staff`
--
ALTER TABLE `staff`
  ADD PRIMARY KEY (`id`),
  ADD UNIQUE KEY `staff_email_unique` (`email`);

--
-- Indexes for table `staff_password_resets`
--
ALTER TABLE `staff_password_resets`
  ADD KEY `staff_password_resets_email_index` (`email`);

--
-- AUTO_INCREMENT for dumped tables
--

--
-- AUTO_INCREMENT for table `categories`
--
ALTER TABLE `categories`
  MODIFY `id` bigint(20) UNSIGNED NOT NULL AUTO_INCREMENT;

--
-- AUTO_INCREMENT for table `customers`
--
ALTER TABLE `customers`
  MODIFY `id` bigint(20) UNSIGNED NOT NULL AUTO_INCREMENT, AUTO_INCREMENT=4;

--
-- AUTO_INCREMENT for table `foods`
--
ALTER TABLE `foods`
  MODIFY `id` bigint(20) UNSIGNED NOT NULL AUTO_INCREMENT, AUTO_INCREMENT=13;

--
-- AUTO_INCREMENT for table `managers`
--
ALTER TABLE `managers`
  MODIFY `id` bigint(20) UNSIGNED NOT NULL AUTO_INCREMENT, AUTO_INCREMENT=2;

--
-- AUTO_INCREMENT for table `migrations`
--
ALTER TABLE `migrations`
  MODIFY `id` int(10) UNSIGNED NOT NULL AUTO_INCREMENT, AUTO_INCREMENT=21;

--
-- AUTO_INCREMENT for table `orders`
--
ALTER TABLE `orders`
  MODIFY `id` bigint(20) UNSIGNED NOT NULL AUTO_INCREMENT, AUTO_INCREMENT=417;

--
-- AUTO_INCREMENT for table `posts`
--
ALTER TABLE `posts`
  MODIFY `id` bigint(20) UNSIGNED NOT NULL AUTO_INCREMENT, AUTO_INCREMENT=4;

--
-- AUTO_INCREMENT for table `staff`
--
ALTER TABLE `staff`
  MODIFY `id` bigint(20) UNSIGNED NOT NULL AUTO_INCREMENT, AUTO_INCREMENT=2;
COMMIT;

/*!40101 SET CHARACTER_SET_CLIENT=@OLD_CHARACTER_SET_CLIENT */;
/*!40101 SET CHARACTER_SET_RESULTS=@OLD_CHARACTER_SET_RESULTS */;
/*!40101 SET COLLATION_CONNECTION=@OLD_COLLATION_CONNECTION */;
